Time:,7:00:47.173356,Size:,250,CPU:,Intel(R) Xeon(R) Gold 6130 CPU @ 2.10GHz
MSE,H1,H2,Epochs,Batch Size,Learning rate
0.07623904730567012,2,6,224,41,0.08064192423412103
0.04206467958969197,4,2,179,130,0.007273215059508822
0.04125580198962931,4,10,45,90,0.024808593416913882
0.08189227674122808,2,6,356,147,0.09273606069074071
0.0658193503798196,10,6,42,162,0.0428274181917624
0.049465913726576737,10,2,56,295,0.09682790027813942
0.0580581367626379,10,6,144,239,0.0020710613474879506
0.050897841815155664,10,4,195,95,0.07869205483768324
0.08177696716230667,8,10,230,214,0.056239312813269125
0.05088509129078992,6,4,391,74,0.039154858473409694
0.09711461561944865,8,2,259,182,0.0918360358210653
0.06453121740030998,2,4,369,54,0.09271900346907196
0.06839635935843533,10,8,99,291,0.06650706442900041
0.056042242868153215,10,6,393,172,0.0647102188636915
0.0483649463729275,4,10,225,172,0.07078503380927997
0.06245237269473369,8,8,287,294,0.02917128202799367
0.036660738951225284,8,2,118,153,0.031132724044077346
0.05332943381942592,10,2,98,106,0.019263820659653652
0.3694811572426098,10,8,309,48,0.019758268482958752
0.04912359133633072,6,10,248,98,0.09594806861738564
0.06042415171017461,4,6,192,296,0.01701845950808498
0.09842770385581454,10,10,146,140,0.0568229622306388
0.03934018299711499,4,4,202,173,0.05785016516445345
0.05139679011104095,6,8,52,256,0.05146311125843841
0.10741208044978405,10,8,268,163,0.04262202063245138
0.047282784012769086,4,2,139,200,0.09094373788872283
0.033381355792635646,4,6,242,203,0.09193063320108244
0.04947338894845381,8,8,52,141,0.07206510027954517
0.037923138090411174,4,10,59,184,0.04648073603176681
0.04979549394382194,8,8,142,300,0.007804288449990143
0.051400157048362094,4,10,202,235,0.0912199196237351
0.10218508043921529,10,8,344,146,0.026772041541217317
0.04782703776060157,4,4,320,17,0.04590662423325395
0.05493400347669794,8,2,186,100,0.011056464700712114
0.038695734701399864,8,10,281,1,0.034981229817218525
0.037882403218548,2,10,203,134,0.08608117610679762
0.031916467103116325,6,4,240,191,0.055809227678689406
0.08611509833043189,6,10,256,82,0.06546496783204049
0.06466727982006701,2,2,385,3,0.045467777392825745
0.08682160286055123,6,6,229,99,0.008155453073350926
0.042624378751989045,10,2,390,138,0.08255764881189866
0.05861058362465314,10,4,64,22,0.09179047036844225
0.07423431943461865,6,4,273,289,0.003146579904197482
0.042214985552254634,4,6,96,72,0.06528842566539408
0.09770746210201856,6,8,73,222,0.08401451869380935
0.058372982448384084,8,4,255,18,0.08925072126800854
0.04756907918011241,6,4,59,268,0.028652698263462298
0.0778570533419619,2,10,74,228,0.05434887024431982
0.04850284993792582,10,6,225,51,0.050596165380355065
0.05575741880972879,2,6,173,189,0.01928031757040092
0.058262628394461495,10,2,387,17,0.016932991227310512
0.07364324177921538,10,6,382,58,0.01663655954935229
0.09018745562603533,4,8,328,37,0.01625231741990964
0.03824920777395867,8,8,301,17,0.01542192972996853
0.07813034993283877,8,8,332,17,0.015652214157972296
0.06783959306624268,10,10,387,9,0.017443202139001086
0.08863987581024654,10,8,214,43,0.020470026641404557
0.08468091354648555,10,10,305,18,0.00897771621249552
0.07861219154468384,10,2,312,87,0.023348951826117945
0.1630817919479761,10,8,378,20,0.020155786838542623
0.04766551283932244,10,8,332,46,0.09264899945254887
0.05678627246481038,10,8,294,43,0.01349676908810756
0.08627438681907214,10,8,305,41,0.01198349027056831
0.06345860907746972,10,8,302,50,0.07210410243577
0.04742148320843069,10,8,303,40,0.025736618670700512
0.08521967372582381,10,8,305,1,0.01873405406389135
0.06814742215315224,10,8,289,49,0.020063871093162194
0.11617455544807306,10,8,306,273,0.02341207225690564
0.10614104643125331,10,8,310,91,0.020999596206727495
0.03907320434031667,10,8,311,41,0.017190619074894605
0.05680198559043172,10,8,313,41,0.037027240837054644
0.14083300751152417,10,8,322,52,0.01841160669750201
0.06389693112238297,10,8,301,53,0.01934260732423681
0.06975728004749299,10,10,319,54,0.021933769513946415
0.09702338601233262,10,8,308,69,0.017596667737779938
0.20234285769422192,8,8,309,105,0.01949876222840988
0.10413837280350867,10,8,320,46,0.03102252863583696
0.3794779607963168,4,8,300,31,0.019820691834247228
0.069311500289334,2,10,280,24,0.02066813359193219
0.03683952745603921,4,8,136,36,0.020800836367569766
0.04916190126995987,4,8,122,51,0.02342774549454304
0.04500740298593005,4,8,287,5,0.014769406460143469
0.2469995415244253,4,8,277,54,0.012807095541304896
0.15188681372589774,4,8,241,65,0.03133597159576487
0.05239433566964053,4,10,305,9,0.0194201811842233
0.04664498823003581,4,8,166,21,0.022241137296407518
0.06165199803473863,4,8,287,22,0.04395238289847298
0.07251822572375739,2,8,299,6,0.03295278407909552
0.03931334348550934,4,6,288,203,0.019745455917776246
0.049589614300296236,4,8,335,2,0.016328652306185555
0.03731434112988155,4,8,308,8,0.015174505304019608
0.06046782655855018,2,8,321,21,0.0034098700812202473
0.04592684777519859,4,8,265,8,0.018045103496056408
0.07941914951164078,4,8,293,22,0.00195607611799944
0.07231916296614166,2,8,396,2,0.020182926896669923
0.1448355198246365,4,8,303,12,0.014266468419759662
0.08379116801285097,8,8,287,38,0.01898272185734194
0.03711807533382607,4,8,231,29,0.019462744880618235
0.03453676487812951,4,8,294,5,0.019146686867321117
0.06447171790312986,2,8,309,26,0.021059105407857073
0.04623064532034876,4,8,350,32,0.041280478754850566
0.05400212105805069,2,8,296,23,0.021743950082728076
0.09555382583914557,4,8,371,24,0.019902429985804264
0.11886144241608454,6,8,283,21,0.019721733778845254
0.048344918193062116,4,8,304,27,0.01846251179114647
0.1407738887716697,4,8,360,36,0.018814350182493188
0.052954385036055415,4,8,274,26,0.020476873489072456
0.03617181918750204,4,8,315,30,0.031937104274544006
0.19053804164875188,4,8,286,28,0.015022706891460947
0.05049197217995975,4,8,302,35,0.03293311066341184
0.08127476349991469,2,8,298,30,0.020341216695236145
0.05353536621151621,4,8,302,28,0.000629621394905078
0.05049908887065296,4,8,322,33,0.023721876156925475
0.047799949613758455,4,8,303,201,0.020603689268655374
0.055393717179144944,4,6,302,31,0.014488720823995821
0.06269282827591158,4,10,287,143,0.019860630182380726
0.04593742924614401,2,10,387,34,0.01981722486754811
0.03142332513145903,4,8,152,78,0.019684135165289024
0.11590804359034618,4,8,299,41,0.029161637563538654
0.04703997018018078,4,8,286,278,0.0197643446638773
0.061364197544175623,4,6,298,98,0.019947562355035437
0.04018015023588161,4,8,297,28,0.02239897457775048
0.06207081918428977,4,8,299,183,0.018570916614722262
0.12773517899939069,4,8,264,35,0.011626089858362743
0.07612426133848728,4,8,302,55,0.01969159146549893
0.07557149364301143,10,8,304,42,0.018941808022906643
0.03630112021441741,4,10,302,33,0.0198370103094147
0.0506039449513026,4,2,304,32,0.017167774740793174
0.0712870165853838,10,8,337,48,0.0036785897100590137
0.11237803744723197,4,8,319,35,0.02049115427607218
0.0793128097157698,8,8,286,46,0.019793772922186145
0.038812112110117696,4,8,317,252,0.019809262857038105
0.05643449332317764,4,8,321,32,0.021756131631917863
0.32661283785650047,4,8,223,46,0.01994157284965872
0.039530687688295874,4,8,184,51,0.021015115664512606
0.035719400284448435,4,8,188,79,0.021176084548972594
0.06559879951766812,4,8,192,44,0.02079807224044303
0.0517991548001634,4,8,114,31,0.01981414659219522
0.06068202890343049,4,8,202,44,0.009139791330249007
0.045741531915094766,4,8,233,146,0.022958538365355174
0.06547476108874795,4,8,234,136,0.0203857078422155
0.06454630453564561,4,8,210,105,0.02124063985678017
0.06679265599261898,4,8,234,125,0.019873581868400866
0.05719400285559048,4,8,233,30,0.015562822836092028
0.034470331235214244,4,8,192,44,0.00841044562245799
0.06045829797997142,4,8,205,49,0.0047058431983688425
0.0648098802013952,4,6,236,45,0.019343056833526655
0.032347045790393214,4,8,220,44,0.08017315159822755
0.05397182308042149,4,8,229,19,0.0204642460250947
0.07353798434087247,2,8,214,59,0.019344386502322515
0.07161133479260855,4,8,223,73,0.01808502005298179
0.05814977643967168,4,8,222,56,0.04377148132227111
0.07644870434548649,4,8,230,45,0.023126060399786603
0.08643021440787395,4,8,226,42,0.03732195335631758
0.22217710684398775,2,8,271,10,0.01980895626424675
0.07595427151766213,6,8,224,45,0.015262999853428952
0.06700933636331521,2,8,220,50,0.015550822745246455
0.05139022412739251,4,8,299,34,0.017787476878919618
0.07108127173297013,4,4,297,46,0.019762773097262692
0.03358233467345668,4,8,222,11,0.023381872262377135
0.08203986774284788,4,8,247,31,0.01930222151492353
0.05360118481293656,4,8,223,80,0.019922546043432583
0.05929733439129086,2,8,236,48,0.019922899079853375
0.041324734284214605,4,8,299,24,0.01783849370723885
0.0631177888784968,4,8,304,29,0.02064031206352791
0.03081173163279746,4,8,356,31,0.021868177984477807
0.06261596608774747,2,8,232,12,0.01968178994130554
0.060245660566312795,4,8,280,163,0.019549145099705033
0.04942235093615362,4,8,300,93,0.019903191793397827
0.07031719988208279,4,8,222,46,0.0018203917383661917
0.05012096130282522,4,8,217,60,0.02454737655456529
0.04136713463191286,4,8,230,48,0.019473357189357665
0.06695836566889415,2,8,304,30,0.01756179577925927
0.04708424636579348,4,8,294,1,0.01966573636395524
0.1058833363009981,10,8,242,51,0.02002143850902843
0.06040281842358208,2,8,319,25,0.019708590554827137
0.0819544061965492,4,8,326,35,0.019980492621415314
0.039221623461029,2,8,223,1,0.020184625059064973
0.03456644975361129,4,8,299,13,0.02907879217608124
0.0454278259171418,4,6,223,33,0.020435819040548944
0.05027624932853741,4,8,266,29,0.01992981934680116
0.053904973545692014,2,8,224,31,0.007185889861192265
0.049192026385105954,2,8,380,32,0.019793630312641548
0.06593490144092973,4,8,286,31,0.02488636835533583
0.06838717969347315,4,8,298,72,0.018683492143959337
0.37032694409662636,4,8,299,36,0.007973463880746176
0.05707513902636473,4,8,317,222,0.009228114040237751
0.03522089180668362,4,10,320,57,0.006328208232999116
0.04639005677814024,4,8,297,130,0.003033846705247281
0.04516830228484172,4,8,307,111,0.006892997728724989
0.04885419123844613,4,8,307,89,0.006130824926903125
0.05299568766196684,2,8,334,33,0.005953903399325743
0.047083136843199556,4,8,302,70,0.005339779536195651
0.04621893022115851,4,10,291,44,0.013151606661891996
0.039247461026219815,4,8,301,102,0.009772923297124592
0.043701882365396454,4,8,294,61,0.0033550625659199253
0.04291401093972787,4,6,304,36,0.006002963280319906
0.040791606459706586,4,8,395,20,0.007747048713406661
0.07273273200533249,4,6,303,37,0.010865358952995723
0.06147826929651442,2,8,293,52,0.008824478668192828
0.08198389308878316,4,8,280,45,0.006033306267803589
0.044262561819788486,4,8,348,59,0.00854957489333652
0.04371798610595623,4,8,299,47,0.006428661840927242
0.06901271962031755,2,8,296,38,0.010345978434308916
0.07697371201387436,4,8,207,41,0.01995284775539859
0.08099343961113362,4,8,318,58,0.008810518086786187
0.05005699537676435,4,8,298,14,0.01732890257975076
0.049847302140149055,4,8,299,54,0.014422534865724182
0.042129517390228535,4,10,297,35,0.00787857435700178
0.04814931393021823,4,8,297,36,0.010361893699562015
0.04835152520788111,4,8,298,33,0.011064580872807397
0.04316616138906512,4,8,272,31,0.007354799460212354
0.076023688844387,4,8,300,53,0.011474712780797878
0.20080879015549263,6,8,299,36,0.0035055613098729592
0.0411613699446351,4,8,296,34,0.014456960061549569
0.04297497310401507,4,8,335,48,0.008360168471162294
0.17655387090268324,4,8,292,42,0.022336036871727867
0.02783885971630509,4,8,398,36,0.019723465686125787
0.10482134773176255,4,8,221,47,0.015115375289668984
0.04906558062630819,4,8,300,20,0.020681973720189147
0.0749335212762674,4,8,289,31,0.007780355357666524
0.086678503675277,4,8,281,31,0.0023966723929903307
0.08150542945878625,4,8,301,49,0.01978816688720219
0.05249962112583002,4,8,280,8,0.008273754432184048
0.03923825057815904,4,8,224,32,0.027352060144250425
0.06501766865005588,4,8,300,32,0.0805575278239668
0.058349233585934523,4,8,398,31,0.007554007901623929
0.05312701070434917,4,8,298,37,0.09843199814846115
0.040829939202261974,4,8,221,37,0.008979063447793714
0.04471333614573608,4,8,230,39,0.017356340876485323
0.06882450465130865,4,8,312,30,0.002438416304174064
0.07673242308241938,4,8,296,45,0.0071332851803550855
0.14930696047367323,4,8,312,36,0.023653069727691108
0.04252495817273218,4,8,307,35,0.0015664940581283351
0.052144088008155974,4,8,301,34,0.011911635277750495
0.054352069817081905,4,8,300,26,0.012580753280807135
0.05714860377172798,4,8,299,20,0.009171756722718177
0.03717975265003377,4,2,300,31,0.021480175014207136
0.04953839678699924,4,8,321,31,0.03137494737894827
0.030747600994682992,4,8,227,44,0.01653799865898223
0.03910195668987232,4,6,300,33,0.010440010337879366
0.07390619266018901,4,8,299,31,0.029341126179734393
0.03951369609573166,4,8,302,35,0.0008429208977705137
0.05697511769348687,2,8,272,13,0.06290103429522416
0.045900009325048674,4,8,223,29,0.046699643615403935
0.04479548494364552,4,8,299,63,0.008885399624221513
0.038828530997691325,4,8,300,45,0.014601683213259223
0.04973660971560435,4,8,306,39,0.018490258565057746
0.04996684673236157,4,8,225,42,0.039078918339950475
0.04941063672030076,2,8,339,36,0.007011975899361939
